Date,contract,tenor,maturity,pred_price_norm,pred_price,price,price_norm
2051-12-29,Tenor : 1; Maturity : 0.0833333333333333,1,0.0833333333333333,-1.9468338,0.028824002,0.0281145356707881,-1.953948981314727
2051-12-30,Tenor : 1; Maturity : 0.0833333333333333,1,0.0833333333333333,-1.9232615,0.031174451,0.0305114390273531,-1.929910811843389
2052-01-01,Tenor : 1; Maturity : 0.0833333333333333,1,0.0833333333333333,-1.9323007,0.03027314,0.0298326003834278,-1.9367187785983586
2051-12-29,Tenor : 1; Maturity : 0.25,1,0.25,-1.6771368,0.055716142,0.055508615442513,-1.6792180330432975
2051-12-30,Tenor : 1; Maturity : 0.25,1,0.25,-1.6387222,0.059546545,0.0594196142891224,-1.6399952363379127
2052-01-01,Tenor : 1; Maturity : 0.25,1,0.25,-1.6516252,0.058259964,0.0584266196130648,-1.6499538248816812
2051-12-29,Tenor : 1; Maturity : 0.5,1,0.5,-1.34762,0.08857304,0.0886675163932261,-1.3466725933811643
2051-12-30,Tenor : 1; Maturity : 0.5,1,0.5,-1.305939,0.092729166,0.0928294330583688,-1.3049333810561168
2052-01-01,Tenor : 1; Maturity : 0.5,1,0.5,-1.3192582,0.09140107,0.0917574758796396,-1.3156838722086834
2051-12-29,Tenor : 1; Maturity : 0.75,1,0.75,-1.0452496,0.118723124,0.118945914624879,-1.0430152656797278
2051-12-30,Tenor : 1; Maturity : 0.75,1,0.75,-1.0007415,0.12316114,0.123357908247899,-0.9987680705952309
2052-01-01,Tenor : 1; Maturity : 0.75,1,0.75,-1.0152953,0.12170994,0.12213665468823,-1.0110158318386666
2051-12-29,Tenor : 1; Maturity : 1,1,1.0,-0.76139677,0.14702678,0.147321810250084,-0.7584378395305156
2051-12-30,Tenor : 1; Maturity : 1,1,1.0,-0.72185075,0.15097,0.151170736173777,-0.7198375624759789
2052-01-01,Tenor : 1; Maturity : 1,1,1.0,-0.7387282,0.1492871,0.14964663734073,-0.7351225116749135
2051-12-29,Tenor : 1; Maturity : 1.5,1,1.5,-0.38364327,0.18469347,0.18520718576365,-0.3784913245464935
2051-12-30,Tenor : 1; Maturity : 1.5,1,1.5,-0.32189953,0.1908501,0.191246402707441,-0.3179249608792202
2052-01-01,Tenor : 1; Maturity : 1.5,1,1.5,-0.35401893,0.18764739,0.188393102131801,-0.3465402667913427
2051-12-29,Tenor : 1; Maturity : 2,1,2.0,-0.12450576,0.2105327,0.210965778554685,-0.12016241981274421
2051-12-30,Tenor : 1; Maturity : 2,1,2.0,-0.05811596,0.21715258,0.217493213929687,-0.05469978973725856
2052-01-01,Tenor : 1; Maturity : 2,1,2.0,-0.09844196,0.21313158,0.2139315886665,-0.09041877333140011
2051-12-29,Tenor : 1; Maturity : 3,1,3.0,0.2324729,0.24612789,0.246347583404177,0.23467617592970832
2051-12-30,Tenor : 1; Maturity : 3,1,3.0,0.30316687,0.25317696,0.253428826263544,0.30569285478534153
2052-01-01,Tenor : 1; Maturity : 3,1,3.0,0.25516796,0.24839087,0.249233573992827,0.26361932487755524
2051-12-29,Tenor : 1; Maturity : 4,1,4.0,0.4183203,0.26465917,0.265055932230342,0.422299284880061
2051-12-30,Tenor : 1; Maturity : 4,1,4.0,0.51145816,0.27394617,0.274322955740585,0.5152368165598259
2052-01-01,Tenor : 1; Maturity : 4,1,4.0,0.4546703,0.26828372,0.269461162600059,0.46647865235330666
2051-12-29,Tenor : 1; Maturity : 5,1,5.0,0.57555413,0.28033733,0.280619316694744,0.5783820373524123
2051-12-30,Tenor : 1; Maturity : 5,1,5.0,0.6634841,0.28910506,0.289379242883705,0.666233969183501
2052-01-01,Tenor : 1; Maturity : 5,1,5.0,0.61086845,0.28385863,0.284909543299502,0.6214080500254517
2051-12-29,Tenor : 1; Maturity : 7,1,7.0,0.6588359,0.28864157,0.288726971877482,0.6596924451183426
2051-12-30,Tenor : 1; Maturity : 7,1,7.0,0.73810315,0.2965455,0.296652438455964,0.7391757118220953
2052-01-01,Tenor : 1; Maturity : 7,1,7.0,0.69189286,0.29193777,0.292770648426281,0.700245845780523
2051-12-29,Tenor : 1; Maturity : 10,1,10.0,0.6920421,0.29195264,0.291756620187401,0.6900763149197329
2051-12-30,Tenor : 1; Maturity : 10,1,10.0,0.7571626,0.29844594,0.298330187895348,0.7560015989584675
2052-01-01,Tenor : 1; Maturity : 10,1,10.0,0.72585773,0.29532447,0.295815381578821,0.7307809991129651
2051-12-29,Tenor : 1; Maturity : 15,1,15.0,0.7451258,0.29724574,0.296962748647921,0.7422877642803285
2051-12-30,Tenor : 1; Maturity : 15,1,15.0,0.8238685,0.30509737,0.30494571178708,0.8223476550126584
2052-01-01,Tenor : 1; Maturity : 15,1,15.0,0.79119897,0.3018398,0.30240838683285,0.7969012192660604
2051-12-29,Tenor : 1; Maturity : 20,1,20.0,0.9234474,0.3150266,0.314674816481576,0.9199193267323907
2051-12-30,Tenor : 1; Maturity : 20,1,20.0,1.0187981,0.32453427,0.324337498663282,1.016824857443648
2052-01-01,Tenor : 1; Maturity : 20,1,20.0,0.97646713,0.32031333,0.321010800842166,0.9834619244806275
2051-12-29,Tenor : 1; Maturity : 25,1,25.0,1.2198107,0.34457773,0.344104872674239,1.2150687645987843
2051-12-30,Tenor : 1; Maturity : 25,1,25.0,1.3289249,0.35545775,0.355197509408248,1.3263150862186215
2052-01-01,Tenor : 1; Maturity : 25,1,25.0,1.2822638,0.35080504,0.351584915452272,1.2900849455635834
2051-12-29,Tenor : 1; Maturity : 30,1,30.0,1.3972015,0.36226577,0.361840003061021,1.3929316177947928
2051-12-30,Tenor : 1; Maturity : 30,1,30.0,1.5581737,0.3783167,0.378281360225951,1.5578194213797374
2052-01-01,Tenor : 1; Maturity : 30,1,30.0,1.4970686,0.37222376,0.37371874623788,1.5120616781744687
2051-12-29,Tenor : 2; Maturity : 0.0833333333333333,2,0.0833333333333333,-1.858283,0.03765361,0.0370951472677915,-1.8638838299878062
2051-12-30,Tenor : 2; Maturity : 0.0833333333333333,2,0.0833333333333333,-1.8358102,0.03989443,0.0393678006827194,-1.8410917437787309
2052-01-01,Tenor : 2; Maturity : 0.0833333333333333,2,0.0833333333333333,-1.8443991,0.039038017,0.0386863952847386,-1.847925452109308
2051-12-29,Tenor : 2; Maturity : 0.25,2,0.25,-1.5638089,0.06701633,0.0669806237938048,-1.564167052715014
2051-12-30,Tenor : 2; Maturity : 0.25,2,0.25,-1.5302969,0.07035789,0.0703601338622787,-1.5302744739702085
2052-01-01,Tenor : 2; Maturity : 0.25,2,0.25,-1.5428786,0.069103345,0.0693220128030732,-1.5406856279637964
2051-12-29,Tenor : 2; Maturity : 0.5,2,0.5,-1.2280416,0.10049649,0.100621473453471,-1.226788224710136
2051-12-30,Tenor : 2; Maturity : 0.5,2,0.5,-1.1886383,0.10442549,0.104516613032072,-1.1877244781270822
2052-01-01,Tenor : 2; Maturity : 0.5,2,0.5,-1.2045006,0.10284383,0.103163596133651,-1.2012936733191812
2051-12-29,Tenor : 2; Maturity : 0.75,2,0.75,-0.9756168,0.12566638,0.125883676964185,-0.9734375305543936
2051-12-30,Tenor : 2; Maturity : 0.75,2,0.75,-0.9344055,0.12977564,0.129916865869369,-0.932989308832316
2052-01-01,Tenor : 2; Maturity : 0.75,2,0.75,-0.9545251,0.12776947,0.128133471390233,-0.9508746935752187
2051-12-29,Tenor : 2; Maturity : 1,2,1.0,-0.73648274,0.14951101,0.149780854642365,-0.7337764673156983
2051-12-30,Tenor : 2; Maturity : 1,2,1.0,-0.69167626,0.15397877,0.154153286089599,-0.6899260351142749
2052-01-01,Tenor : 2; Maturity : 1,2,1.0,-0.7156996,0.15158334,0.152011044717899,-0.7114102393064848
2051-12-29,Tenor : 2; Maturity : 1.5,2,1.5,-0.41161835,0.18190402,0.182316588742251,-0.40748067068905636
2051-12-30,Tenor : 2; Maturity : 1.5,2,1.5,-0.3518057,0.18786807,0.188160394187794,-0.3488740584229682
2052-01-01,Tenor : 2; Maturity : 1.5,2,1.5,-0.38776076,0.18428291,0.184965582081803,-0.38091433014379067
2051-12-29,Tenor : 2; Maturity : 2,2,2.0,-0.14394951,0.20859392,0.208987853662209,-0.13999871969387656
2051-12-30,Tenor : 2; Maturity : 2,2,2.0,-0.076468945,0.21532257,0.215609186766727,-0.07359440395180075
2052-01-01,Tenor : 2; Maturity : 2,2,2.0,-0.12114632,0.21086767,0.211661768120076,-0.11318244914462028
2051-12-29,Tenor : 2; Maturity : 3,2,3.0,0.113568425,0.23427165,0.234568141577835,0.11654199328783223
2051-12-30,Tenor : 2; Maturity : 3,2,3.0,0.18870437,0.24176362,0.24201219051517,0.1911971976449376
2052-01-01,Tenor : 2; Maturity : 3,2,3.0,0.13896894,0.2368044,0.237689085459479,0.14784145212166994
2051-12-29,Tenor : 2; Maturity : 4,2,4.0,0.37802672,0.26064143,0.260975717225456,0.3813794457474953
2051-12-30,Tenor : 2; Maturity : 4,2,4.0,0.46757007,0.26957,0.269891432104507,0.4707937580241054
2052-01-01,Tenor : 2; Maturity : 4,2,4.0,0.4150002,0.26432812,0.265425999686079,0.4260106336052682
2051-12-29,Tenor : 2; Maturity : 5,2,5.0,0.466722,0.26948544,0.269693646849572,0.4688102005877833
2051-12-30,Tenor : 2; Maturity : 5,2,5.0,0.5478089,0.27757078,0.277768999805358,0.5497966543638101
2052-01-01,Tenor : 2; Maturity : 5,2,5.0,0.49877834,0.27268183,0.273600795395641,0.507994383230298
2051-12-29,Tenor : 2; Maturity : 7,2,7.0,0.62065506,0.28483447,0.284881559108753,0.6211274009463387
2051-12-30,Tenor : 2; Maturity : 7,2,7.0,0.7003143,0.29277748,0.292872997877592,0.7012722924452058
2052-01-01,Tenor : 2; Maturity : 7,2,7.0,0.6571214,0.28847063,0.289296759355477,0.6654067547592283
2051-12-29,Tenor : 2; Maturity : 10,2,10.0,0.6996739,0.2927136,0.29251937778571,0.6977258917637401
2051-12-30,Tenor : 2; Maturity : 10,2,10.0,0.7670479,0.29943165,0.299328309193425,0.7660116015939146
2052-01-01,Tenor : 2; Maturity : 10,2,10.0,0.73577356,0.2963132,0.296834175470033,0.7409983239568064
2051-12-29,Tenor : 2; Maturity : 15,2,15.0,0.74494505,0.2972277,0.296910613408853,0.7417649081089637
2051-12-30,Tenor : 2; Maturity : 15,2,15.0,0.8214495,0.30485615,0.304672734090954,0.8196100043254084
2052-01-01,Tenor : 2; Maturity : 15,2,15.0,0.79000235,0.3017205,0.302240917479752,0.7952216952752419
2051-12-29,Tenor : 2; Maturity : 20,2,20.0,0.93236923,0.31591624,0.315566651636712,0.9288634022375368
2051-12-30,Tenor : 2; Maturity : 20,2,20.0,1.0300558,0.32565677,0.325466143500265,1.0281438602687052
2052-01-01,Tenor : 2; Maturity : 20,2,20.0,0.98653126,0.32131687,0.322044561447114,0.9938293481593802
2051-12-29,Tenor : 2; Maturity : 25,2,25.0,1.1867254,0.3412787,0.340765108864478,1.1815747948759796
2051-12-30,Tenor : 2; Maturity : 25,2,25.0,1.2948196,0.35205704,0.351771155630843,1.2919527192318876
2052-01-01,Tenor : 2; Maturity : 25,2,25.0,1.2501006,0.347598,0.348347259529239,1.2576149998919806
2051-12-29,Tenor : 2; Maturity : 30,2,30.0,1.3456314,0.35712358,0.356674658378691,1.3411291825770193
2051-12-30,Tenor : 2; Maturity : 30,2,30.0,1.5022199,0.3727374,0.372672578091941,1.5015698212046338
2052-01-01,Tenor : 2; Maturity : 30,2,30.0,1.4443429,0.36696637,0.36837952587975,1.4585154709558856
2051-12-29,Tenor : 3; Maturity : 0.0833333333333333,3,0.0833333333333333,-1.8377427,0.039701745,0.0391633886443115,-1.843141760191688
2051-12-30,Tenor : 3; Maturity : 0.0833333333333333,3,0.0833333333333333,-1.8155257,0.041917056,0.0414054682666128,-1.8206562937745734
2052-01-01,Tenor : 3; Maturity : 0.0833333333333333,3,0.0833333333333333,-1.8244824,0.041023955,0.0406837209954259,-1.8278945844518955
2051-12-29,Tenor : 3; Maturity : 0.25,3,0.25,-1.5358663,0.06980257,0.0697948133998271,-1.5359439846097618
2051-12-30,Tenor : 3; Maturity : 0.25,3,0.25,-1.5013652,0.07324274,0.0732007278791459,-1.5017866001518088
2052-01-01,Tenor : 3; Maturity : 0.25,3,0.25,-1.5162344,0.0717601,0.0720076087392067,-1.5137522056931423
2051-12-29,Tenor : 3; Maturity : 0.5,3,0.5,-1.2277178,0.100528784,0.100630587026384,-1.2266968261105338
2051-12-30,Tenor : 3; Maturity : 0.5,3,0.5,-1.1875699,0.10453203,0.104594240165898,-1.1869459677239103
2052-01-01,Tenor : 3; Maturity : 0.5,3,0.5,-1.2061155,0.1026828,0.103001395450367,-1.2029203586431716
2051-12-29,Tenor : 3; Maturity : 0.75,3,0.75,-0.9733558,0.12589182,0.126039667183386,-0.9718731290048884
2051-12-30,Tenor : 3; Maturity : 0.75,3,0.75,-0.93445456,0.12977076,0.129843720858935,-0.9337228687199017
2052-01-01,Tenor : 3; Maturity : 0.75,3,0.75,-0.9554114,0.1276811,0.127986206348239,-0.9523515916850067
2051-12-29,Tenor : 3; Maturity : 1,3,1.0,-0.7489256,0.1482703,0.14844490366669,-0.74717451103353
2051-12-30,Tenor : 3; Maturity : 1,3,1.0,-0.7069096,0.15245982,0.152549572064158,-0.706009432645312
2052-01-01,Tenor : 3; Maturity : 1,3,1.0,-0.7313204,0.15002576,0.150382371930127,-0.7277439443674708
2051-12-29,Tenor : 3; Maturity : 1.5,3,1.5,-0.45295417,0.17778233,0.178094287550289,-0.44982547000414824
2051-12-30,Tenor : 3; Maturity : 1.5,3,1.5,-0.39326525,0.18373404,0.183955299970875,-0.39104629167233196
2052-01-01,Tenor : 3; Maturity : 1.5,3,1.5,-0.42993104,0.18007801,0.180732628972969,-0.4233659558698275
2051-12-29,Tenor : 3; Maturity : 2,3,2.0,-0.17574406,0.20542361,0.205736434006923,-0.1726066996869508
2051-12-30,Tenor : 3; Maturity : 2,3,2.0,-0.108757496,0.212103,0.212336436877629,-0.10641630152892445
2052-01-01,Tenor : 3; Maturity : 2,3,2.0,-0.15138328,0.20785268,0.208615907165979,-0.1437289130227643
2051-12-29,Tenor : 3; Maturity : 3,3,3.0,0.1022979,0.23314783,0.233399665971342,0.10482353389518656
2051-12-30,Tenor : 3; Maturity : 3,3,3.0,0.17372727,0.24027023,0.240473363366732,0.17576454047086626
2052-01-01,Tenor : 3; Maturity : 3,3,3.0,0.12805235,0.23571587,0.236522906006904,0.13614602049810892
2051-12-29,Tenor : 3; Maturity : 4,3,4.0,0.28169417,0.25103587,0.251229816344819,0.2836393276997861
2051-12-30,Tenor : 3; Maturity : 4,3,4.0,0.35697114,0.2585419,0.258711586285965,0.3586728301137384
2052-01-01,Tenor : 3; Maturity : 4,3,4.0,0.30988216,0.25384656,0.254683025666556,0.3182710247469618
2051-12-29,Tenor : 3; Maturity : 5,3,5.0,0.4520644,0.26802388,0.268219827846763,0.45402949995479164
2051-12-30,Tenor : 3; Maturity : 5,3,5.0,0.53479075,0.2762727,0.276470732492978,0.5367765342206209
2052-01-01,Tenor : 3; Maturity : 5,3,5.0,0.48610735,0.2714184,0.27235424824133,0.49549295647595215
2051-12-29,Tenor : 3; Maturity : 7,3,7.0,0.5732403,0.28010663,0.280126633613069,0.57344099566188
2051-12-30,Tenor : 3; Maturity : 7,3,7.0,0.65043974,0.28780437,0.287876263273683,0.6511608213743835
2052-01-01,Tenor : 3; Maturity : 7,3,7.0,0.60992765,0.2837648,0.28453917837455,0.6176937180279386
2051-12-29,Tenor : 3; Maturity : 10,3,10.0,0.58990836,0.28176865,0.281547057038722,0.5876862003896325
2051-12-30,Tenor : 3; Maturity : 10,3,10.0,0.65405655,0.288165,0.288029912755867,0.6527017480378661
2052-01-01,Tenor : 3; Maturity : 10,3,10.0,0.62491274,0.285259,0.285713399763236,0.6294698009729577
2051-12-29,Tenor : 3; Maturity : 15,3,15.0,0.6615653,0.28891373,0.288559905876775,0.6580169662856673
2051-12-30,Tenor : 3; Maturity : 15,3,15.0,0.7354009,0.29627603,0.29605393352126,0.7331733992922884
2052-01-01,Tenor : 3; Maturity : 15,3,15.0,0.7049947,0.29324418,0.293705988182609,0.709626222137505
2051-12-29,Tenor : 3; Maturity : 20,3,20.0,0.9467194,0.3173471,0.316998282072461,0.9432210003194964
2051-12-30,Tenor : 3; Maturity : 20,3,20.0,1.0470898,0.3273553,0.327171298731507,1.0452445958120336
2052-01-01,Tenor : 3; Maturity : 20,3,20.0,1.0020235,0.3228616,0.323625469240137,1.0096840255468351
2051-12-29,Tenor : 3; Maturity : 25,3,25.0,1.1726453,0.33987474,0.339350602117973,1.1673889275994762
2051-12-30,Tenor : 3; Maturity : 25,3,25.0,1.2762964,0.35021,0.349885166375505,1.2730384274992796
2052-01-01,Tenor : 3; Maturity : 25,3,25.0,1.2314546,0.34573877,0.346406562559465,1.2381520530342505
2051-12-29,Tenor : 3; Maturity : 30,3,30.0,1.3599739,0.3585537,0.358071010506516,1.3551329800177405
2051-12-30,Tenor : 3; Maturity : 30,3,30.0,1.5136065,0.37387282,0.373767380218892,1.5125494207755337
2052-01-01,Tenor : 3; Maturity : 30,3,30.0,1.4556723,0.36809602,0.369450338844349,1.4692544869636175
2051-12-29,Tenor : 4; Maturity : 0.0833333333333333,4,0.0833333333333333,-1.8232613,0.041145712,0.0406071830764441,-1.8286621712894828
2051-12-30,Tenor : 4; Maturity : 0.0833333333333333,4,0.0833333333333333,-1.801755,0.043290168,0.0427744401423454,-1.806927088606487
2052-01-01,Tenor : 4; Maturity : 0.0833333333333333,4,0.0833333333333333,-1.8110172,0.04236661,0.0420200189466105,-1.8144930609708605
2051-12-29,Tenor : 4; Maturity : 0.25,4,0.25,-1.5311588,0.070271954,0.0702187412522842,-1.531692478376491
2051-12-30,Tenor : 4; Maturity : 0.25,4,0.25,-1.5000148,0.0733774,0.0732787375145459,-1.5010042537000812
2052-01-01,Tenor : 4; Maturity : 0.25,4,0.25,-1.5146394,0.07191914,0.0720960422754589,-1.5128653195675263
2051-12-29,Tenor : 4; Maturity : 0.5,4,0.5,-1.2154963,0.101747416,0.101772659626245,-1.2152431583484036
2051-12-30,Tenor : 4; Maturity : 0.5,4,0.5,-1.1798925,0.10529755,0.105279758552169,-1.1800710108760395
2052-01-01,Tenor : 4; Maturity : 0.5,4,0.5,-1.1980246,0.10348956,0.103712556762159,-1.1957882328995564
2051-12-29,Tenor : 4; Maturity : 0.75,4,0.75,-0.9676615,0.12645963,0.126512918637018,-0.9671269640776274
2051-12-30,Tenor : 4; Maturity : 0.75,4,0.75,-0.93361735,0.12985423,0.129837194556844,-0.9337883199844489
2052-01-01,Tenor : 4; Maturity : 0.75,4,0.75,-0.95346075,0.12787561,0.12807699020843,-0.9514411345276266
2051-12-29,Tenor : 4; Maturity : 1,4,1.0,-0.79059917,0.14411493,0.144199155020175,-0.7897544612088652
2051-12-30,Tenor : 4; Maturity : 1,4,1.0,-0.7528886,0.14787513,0.147874594626422,-0.7528940513410062
2052-01-01,Tenor : 4; Maturity : 1,4,1.0,-0.77756786,0.14541431,0.145675216627378,-0.7749512698466026
2051-12-29,Tenor : 4; Maturity : 1.5,4,1.5,-0.46771908,0.17631008,0.176489664906313,-0.4659179799285866
2051-12-30,Tenor : 4; Maturity : 1.5,4,1.5,-0.417853,0.18128234,0.181366809366035,-0.4170058597390568
2052-01-01,Tenor : 4; Maturity : 1.5,4,1.5,-0.45217395,0.17786011,0.178324483664248,-0.4475168691238358
2051-12-29,Tenor : 4; Maturity : 2,4,2.0,-0.22850943,0.20016225,0.200359333943978,-0.2265327965499675
2051-12-30,Tenor : 4; Maturity : 2,4,2.0,-0.16856468,0.20613948,0.206268669638039,-0.16726899165445608
2052-01-01,Tenor : 4; Maturity : 2,4,2.0,-0.20772791,0.20223442,0.202856093846053,-0.20149318137694244
2051-12-29,Tenor : 4; Maturity : 3,4,3.0,0.08832455,0.23175451,0.231998716683881,0.09077363225835154
2051-12-30,Tenor : 4; Maturity : 3,4,3.0,0.16417122,0.23931737,0.239532521252107,0.16632898182175207
2052-01-01,Tenor : 4; Maturity : 3,4,3.0,0.11840165,0.23475358,0.235620725313152,0.1270981912017041
2051-12-29,Tenor : 4; Maturity : 4,4,4.0,0.2621485,0.24908692,0.249255283968819,0.2638370508366285
2051-12-30,Tenor : 4; Maturity : 4,4,4.0,0.33641744,0.25649244,0.256641430239943,0.3379115583961724
2052-01-01,Tenor : 4; Maturity : 4,4,4.0,0.29058993,0.25192288,0.252731273146244,0.29869720349928053
2051-12-29,Tenor : 4; Maturity : 5,4,5.0,0.3604865,0.25889245,0.258956602223843,0.3611300566939246
2051-12-30,Tenor : 4; Maturity : 5,4,5.0,0.42984653,0.2658085,0.265869477591638,0.4304582042682332
2052-01-01,Tenor : 4; Maturity : 5,4,5.0,0.3875581,0.26159182,0.262282951599216,0.39448949514900084
2051-12-29,Tenor : 4; Maturity : 7,4,7.0,0.49757957,0.27256233,0.272524264368628,0.4971980216675278
2051-12-30,Tenor : 4; Maturity : 7,4,7.0,0.5701437,0.27979785,0.279815328886946,0.5703189691757986
2052-01-01,Tenor : 4; Maturity : 7,4,7.0,0.5326333,0.2760576,0.276739353481821,0.5394704921708573
2051-12-29,Tenor : 4; Maturity : 10,4,10.0,0.6144917,0.2842199,0.284001798417549,0.6123044183544624
2051-12-30,Tenor : 4; Maturity : 10,4,10.0,0.6812148,0.29087302,0.290750753038521,0.6799886303561464
2052-01-01,Tenor : 4; Maturity : 10,4,10.0,0.65179205,0.2879392,0.288428750386514,0.6567016283546009
2051-12-29,Tenor : 4; Maturity : 15,4,15.0,0.64336514,0.28709894,0.286747128385132,0.6398369038986758
2051-12-30,Tenor : 4; Maturity : 15,4,15.0,0.7193265,0.29467323,0.294457446589772,0.7171624811579492
2052-01-01,Tenor : 4; Maturity : 15,4,15.0,0.6882937,0.2915789,0.29206653679962,0.6931844202282339
2051-12-29,Tenor : 4; Maturity : 20,4,20.0,0.9474244,0.3174174,0.317067265847053,0.9439128278226261
2051-12-30,Tenor : 4; Maturity : 20,4,20.0,1.0489655,0.3275423,0.327358321245575,1.0471202154008705
2052-01-01,Tenor : 4; Maturity : 20,4,20.0,1.0033126,0.32299018,0.323765157922809,1.0110849415320793
2051-12-29,Tenor : 4; Maturity : 25,4,25.0,1.1583471,0.33844903,0.337926574851889,1.1531075805188034
2051-12-30,Tenor : 4; Maturity : 25,4,25.0,1.2647834,0.34906203,0.348749298823494,1.2616469891930795
2052-01-01,Tenor : 4; Maturity : 25,4,25.0,1.2195373,0.34455043,0.345255295221605,1.2266061726805446
2051-12-29,Tenor : 4; Maturity : 30,4,30.0,1.4284754,0.36538416,0.364912505855362,1.423745268528452
2051-12-30,Tenor : 4; Maturity : 30,4,30.0,1.5844772,0.38093948,0.380844160418163,1.5835213443099367
2052-01-01,Tenor : 4; Maturity : 30,4,30.0,1.5245764,0.37496662,0.376355485312666,1.5385051226119775
2051-12-29,Tenor : 5; Maturity : 0.0833333333333333,5,0.0833333333333333,-1.8206677,0.04140432,0.040845874862666,-1.8262683686386987
2051-12-30,Tenor : 5; Maturity : 0.0833333333333333,5,0.0833333333333333,-1.8009815,0.04336728,0.0428247001530014,-1.8064230388080373
2052-01-01,Tenor : 5; Maturity : 0.0833333333333333,5,0.0833333333333333,-1.8100458,0.042463467,0.0420766235383916,-1.8139253823590538
2051-12-29,Tenor : 5; Maturity : 0.25,5,0.25,-1.5194311,0.07144135,0.0713857782659194,-1.5199884464069706
2051-12-30,Tenor : 5; Maturity : 0.25,5,0.25,-1.4878478,0.07459059,0.074474987980346,-1.4890072445806646
2052-01-01,Tenor : 5; Maturity : 0.25,5,0.25,-1.5028129,0.07309839,0.0732200165417258,-1.5015931571668417
2051-12-29,Tenor : 5; Maturity : 0.5,5,0.5,-1.2139782,0.1018988,0.101889739008669,-1.214068987504761
2051-12-30,Tenor : 5; Maturity : 0.5,5,0.5,-1.1775746,0.105528675,0.105484130478262,-1.1780213967432247
2052-01-01,Tenor : 5; Maturity : 0.5,5,0.5,-1.196733,0.10361835,0.103839935746931,-1.194510768952314
2051-12-29,Tenor : 5; Maturity : 0.75,5,0.75,-0.97766674,0.12546197,0.125537234651838,-0.9769119464057587
2051-12-30,Tenor : 5; Maturity : 0.75,5,0.75,-0.9332535,0.12989052,0.129923349792194,-0.9329242825828099
2052-01-01,Tenor : 5; Maturity : 0.75,5,0.75,-0.9574922,0.12747362,0.127836872494423,-0.9538492375854997
2051-12-29,Tenor : 5; Maturity : 1,5,1.0,-0.7825146,0.14492106,0.145014646730884,-0.7815760221863646
2051-12-30,Tenor : 5; Maturity : 1,5,1.0,-0.7360752,0.14955163,0.149592283566004,-0.7356676171939542
2052-01-01,Tenor : 5; Maturity : 1,5,1.0,-0.76340055,0.14682697,0.147222611054404,-0.759432692773407
2051-12-29,Tenor : 5; Maturity : 1.5,5,1.5,-0.48966312,0.17412198,0.174260061836846,-0.48827832094561885
2051-12-30,Tenor : 5; Maturity : 1.5,5,1.5,-0.4370581,0.17936736,0.179444394034511,-0.43628546290157116
2052-01-01,Tenor : 5; Maturity : 1.5,5,1.5,-0.4698298,0.17609961,0.176594385409214,-0.46486775435776273
2051-12-29,Tenor : 5; Maturity : 2,5,2.0,-0.265028,0.1965209,0.196682425263839,-0.2634079395304843
2051-12-30,Tenor : 5; Maturity : 2,5,2.0,-0.20395625,0.2026105,0.202721673125652,-0.20284126579119638
2052-01-01,Tenor : 5; Maturity : 2,5,2.0,-0.24276054,0.19874123,0.199367139523304,-0.236483359457459
2051-12-29,Tenor : 5; Maturity : 3,5,3.0,-0.014657974,0.22148588,0.221622202266699,-0.013290810473066803
2051-12-30,Tenor : 5; Maturity : 3,5,3.0,0.053097844,0.22824198,0.228352401393733,0.054205305608702785
2052-01-01,Tenor : 5; Maturity : 3,5,3.0,0.010802865,0.22402464,0.224734066961837,0.017917594617075032
2051-12-29,Tenor : 5; Maturity : 4,5,4.0,0.18718493,0.24161212,0.241724880947455,0.18831581485553403
2051-12-30,Tenor : 5; Maturity : 4,5,4.0,0.25950015,0.24882284,0.248930398123756,0.26057882142947586
2052-01-01,Tenor : 5; Maturity : 4,5,4.0,0.21578717,0.24446411,0.245223117915855,0.22339908713974055
2051-12-29,Tenor : 5; Maturity : 5,5,5.0,0.34960103,0.25780702,0.257843130378166,0.34996322142931663
2051-12-30,Tenor : 5; Maturity : 5,5,5.0,0.41949117,0.26477593,0.264830369823478,0.42003715472462155
2052-01-01,Tenor : 5; Maturity : 5,5,5.0,0.37953436,0.26079175,0.261480920689461,0.3864460523972783
2051-12-29,Tenor : 5; Maturity : 7,5,7.0,0.52596927,0.27539313,0.275321420282185,0.5252502615309648
2051-12-30,Tenor : 5; Maturity : 7,5,7.0,0.59536886,0.2823131,0.282295606620979,0.595193287259326
2052-01-01,Tenor : 5; Maturity : 7,5,7.0,0.55940557,0.27872714,0.279347061649132,0.5656227901706593
2051-12-29,Tenor : 5; Maturity : 10,5,10.0,0.5166595,0.27446482,0.274212914402263,0.5141332291614465
2051-12-30,Tenor : 5; Maturity : 10,5,10.0,0.5818565,0.28096578,0.280814301399908,0.5803375085124043
2052-01-01,Tenor : 5; Maturity : 10,5,10.0,0.55364347,0.27815259,0.278602041423797,0.5581510986704057
2051-12-29,Tenor : 5; Maturity : 15,5,15.0,0.69837165,0.29258376,0.292228838397386,0.6948121176078057
2051-12-30,Tenor : 5; Maturity : 15,5,15.0,0.7740004,0.30012488,0.299902162569856,0.7717666874952989
2052-01-01,Tenor : 5; Maturity : 15,5,15.0,0.74257636,0.29699153,0.297468538061982,0.7473602473317231
2051-12-29,Tenor : 5; Maturity : 20,5,20.0,0.92633414,0.31531447,0.314940458275833,0.922583406805344
2051-12-30,Tenor : 5; Maturity : 20,5,20.0,1.0271304,0.3253651,0.325159798793135,1.0250715770385663
2052-01-01,Tenor : 5; Maturity : 20,5,20.0,0.9819205,0.3208571,0.321608193595791,0.9894530831200677
2051-12-29,Tenor : 5; Maturity : 25,5,25.0,1.1755769,0.34016705,0.339644712568427,1.1703385153798678
2051-12-30,Tenor : 5; Maturity : 25,5,25.0,1.2853239,0.35111016,0.350809356577711,1.2823069867190457
2052-01-01,Tenor : 5; Maturity : 25,5,25.0,1.2388318,0.34647435,0.347225667376425,1.2463667273351333
2051-12-29,Tenor : 5; Maturity : 30,5,30.0,1.420397,0.36457866,0.364130009991162,1.4158977396980794
2051-12-30,Tenor : 5; Maturity : 30,5,30.0,1.5801582,0.38050884,0.38043660662181,1.5794340509284213
2052-01-01,Tenor : 5; Maturity : 30,5,30.0,1.5182433,0.37433514,0.375779554125706,1.5327291986732614
2051-12-29,Tenor : 6; Maturity : 0.0833333333333333,6,0.0833333333333333,-1.8290849,0.04056503,0.0399708227519259,-1.8350441296123774
2051-12-30,Tenor : 6; Maturity : 0.0833333333333333,6,0.0833333333333333,-1.8101391,0.04245417,0.0418756109383166,-1.8159413063358143
2052-01-01,Tenor : 6; Maturity : 0.0833333333333333,6,0.0833333333333333,-1.819192,0.04155147,0.041129379744217,-1.8234251424527081
2051-12-29,Tenor : 6; Maturity : 0.25,6,0.25,-1.5463288,0.06875932,0.0686262785494296,-1.5476630381502745
2051-12-30,Tenor : 6; Maturity : 0.25,6,0.25,-1.5166588,0.071717784,0.0716097098636644,-1.5177426713815247
2052-01-01,Tenor : 6; Maturity : 0.25,6,0.25,-1.5310849,0.07027933,0.0703961720229243,-1.5299130528846807
2051-12-29,Tenor : 6; Maturity : 0.5,6,0.5,-1.2226961,0.10102951,0.100980971178578,-1.2231828781628866
2051-12-30,Tenor : 6; Maturity : 0.5,6,0.5,-1.1869391,0.10459492,0.104517004904507,-1.187720548099625
2052-01-01,Tenor : 6; Maturity : 0.5,6,0.5,-1.2061427,0.10268009,0.102876417376073,-1.2041737442341476
2051-12-29,Tenor : 6; Maturity : 0.75,6,0.75,-1.0304284,0.12020098,0.120172582245754,-1.030713207661897
2051-12-30,Tenor : 6; Maturity : 0.75,6,0.75,-0.99330693,0.12390245,0.123834587860227,-0.9939875251997363
2052-01-01,Tenor : 6; Maturity : 0.75,6,0.75,-1.014801,0.12175922,0.121978467573669,-1.0126022657086784
2051-12-29,Tenor : 6; Maturity : 1,6,1.0,-0.8516359,0.1380288,0.138039599855634,-0.8515276781004643
2051-12-30,Tenor : 6; Maturity : 1,6,1.0,-0.8092281,0.14225739,0.142226411532613,-0.8095387975892242
2052-01-01,Tenor : 6; Maturity : 1,6,1.0,-0.834545,0.13973299,0.140040600048079,-0.8314599596392971
2051-12-29,Tenor : 6; Maturity : 1.5,6,1.5,-0.52907854,0.17019178,0.170299237360087,-0.5280008111151862
2051-12-30,Tenor : 6; Maturity : 1.5,6,1.5,-0.47413862,0.17566997,0.175737106066552,-0.4734652750157165
2052-01-01,Tenor : 6; Maturity : 1.5,6,1.5,-0.5069877,0.17239451,0.172913485497135,-0.5017829247801494
2051-12-29,Tenor : 6; Maturity : 2,6,2.0,-0.33617556,0.1894266,0.189535447850878,-0.3350838599592444
2051-12-30,Tenor : 6; Maturity : 2,6,2.0,-0.27595413,0.19543141,0.195508801302034,-0.27517803097460586
2052-01-01,Tenor : 6; Maturity : 2,6,2.0,-0.3127787,0.19175956,0.19235448377952,-0.3068121888412232
2051-12-29,Tenor : 6; Maturity : 3,6,3.0,-0.05424571,0.21753849,0.217622500266393,-0.053403197255315324
2051-12-30,Tenor : 6; Maturity : 3,6,3.0,0.0104163885,0.2239861,0.224050399694793,0.011061202354868113
2052-01-01,Tenor : 6; Maturity : 3,6,3.0,-0.029928446,0.21996322,0.220606415293218,-0.023477979408532863
2051-12-29,Tenor : 6; Maturity : 4,6,4.0,0.18416834,0.24131133,0.241332743329482,0.18438312791965758
2051-12-30,Tenor : 6; Maturity : 4,6,4.0,0.24769533,0.24764577,0.247659073237059,0.24782890266623117
2052-01-01,Tenor : 6; Maturity : 4,6,4.0,0.20798934,0.24368657,0.244282937656428,0.21397016613305428
2051-12-29,Tenor : 6; Maturity : 5,6,5.0,0.28642583,0.25150767,0.251508709391448,0.2864363025135111
2051-12-30,Tenor : 6; Maturity : 5,6,5.0,0.35413265,0.25825888,0.258280919611309,0.3543537412849443
2052-01-01,Tenor : 6; Maturity : 5,6,5.0,0.3157518,0.25443184,0.255071236325887,0.3221643288278375
2051-12-29,Tenor : 6; Maturity : 7,6,7.0,0.41180825,0.26400986,0.263887602473341,0.41058228818919484
2051-12-30,Tenor : 6; Maturity : 7,6,7.0,0.47808242,0.2706182,0.270557178516069,0.4774704248251383
2052-01-01,Tenor : 6; Maturity : 7,6,7.0,0.4445678,0.26727638,0.26782788781259,0.450098794555991
2051-12-29,Tenor : 6; Maturity : 10,6,10.0,0.5322373,0.2760181,0.275759035275237,0.5296390339599282
2051-12-30,Tenor : 6; Maturity : 10,6,10.0,0.59940696,0.28271577,0.282565396568025,0.5978989685088395
2052-01-01,Tenor : 6; Maturity : 10,6,10.0,0.5705857,0.27984193,0.280314782144993,0.57532790790796
2051-12-29,Tenor : 6; Maturity : 15,6,15.0,0.67571187,0.29032433,0.289960248530334,0.6720607840858286
2051-12-30,Tenor : 6; Maturity : 15,6,15.0,0.7536955,0.29810023,0.297877328458663,0.7514599423848253
2052-01-01,Tenor : 6; Maturity : 15,6,15.0,0.7214229,0.29488227,0.295386768587524,0.7264825063538831
2051-12-29,Tenor : 6; Maturity : 20,6,20.0,0.9087,0.3135561,0.313166481433913,0.904792470075457
2051-12-30,Tenor : 6; Maturity : 20,6,20.0,1.0086205,0.32351944,0.323298486378058,1.0064047654834913
2052-01-01,Tenor : 6; Maturity : 20,6,20.0,0.96405363,0.31907555,0.319802407447947,0.9713431358282937
2051-12-29,Tenor : 6; Maturity : 25,6,25.0,1.1188657,0.33451223,0.33397470070195,1.1134748517792639
2051-12-30,Tenor : 6; Maturity : 25,6,25.0,1.2299826,0.34559196,0.345284438983791,1.2268984509205254
2052-01-01,Tenor : 6; Maturity : 25,6,25.0,1.183248,0.34093195,0.341693487609826,1.1908853603408491
2051-12-29,Tenor : 6; Maturity : 30,6,30.0,1.4061599,0.36315903,0.362719309338627,1.4017500431436547
2051-12-30,Tenor : 6; Maturity : 30,6,30.0,1.5683565,0.37933207,0.379270345858796,1.5677378038551644
2052-01-01,Tenor : 6; Maturity : 30,6,30.0,1.5052493,0.37303948,0.374516091840586,1.520058132713437
2051-12-29,Tenor : 7; Maturity : 0.0833333333333333,7,0.0833333333333333,-1.8361769,0.039857864,0.0392267415618809,-1.8425064036743444
2051-12-30,Tenor : 7; Maturity : 0.0833333333333333,7,0.0833333333333333,-1.8181467,0.041655704,0.0410395739063811,-1.8243257911766133
2052-01-01,Tenor : 7; Maturity : 0.0833333333333333,7,0.0833333333333333,-1.8272552,0.040747464,0.0402880988660914,-1.8318622170080878
2051-12-29,Tenor : 7; Maturity : 0.25,7,0.25,-1.5398211,0.06940821,0.069251543301046,-1.541392355595368
2051-12-30,Tenor : 7; Maturity : 0.25,7,0.25,-1.5120589,0.07217646,0.0720393643280652,-1.513433733851317
2052-01-01,Tenor : 7; Maturity : 0.25,7,0.25,-1.5264665,0.070739836,0.0708181977989661,-1.5256806222787578
2051-12-29,Tenor : 7; Maturity : 0.5,7,0.5,-1.2582492,0.097484425,0.0973823063881947,-1.2592733253913226
2051-12-30,Tenor : 7; Maturity : 0.5,7,0.5,-1.2246788,0.100831814,0.100704325782994,-1.2259573116352664
2052-01-01,Tenor : 7; Maturity : 0.5,7,0.5,-1.2434077,0.098964304,0.0991073965175081,-1.241972665868197
2051-12-29,Tenor : 7; Maturity : 0.75,7,0.75,-1.0256436,0.12067808,0.120629592031714,-1.026129927883479
2051-12-30,Tenor : 7; Maturity : 0.75,7,0.75,-0.9870777,0.12452358,0.124443368930043,-0.9878821549155746
2052-01-01,Tenor : 7; Maturity : 0.75,7,0.75,-1.0093975,0.122298025,0.122529209754085,-1.0070789583831687
2051-12-29,Tenor : 7; Maturity : 1,7,1.0,-0.8626008,0.13693547,0.136888055073859,-0.8630763408958686
2051-12-30,Tenor : 7; Maturity : 1,7,1.0,-0.82350624,0.14083368,0.140748005530191,-0.8243655005250459
2052-01-01,Tenor : 7; Maturity : 1,7,1.0,-0.84762365,0.13842888,0.1386655078741,-0.8452505443227731
2051-12-29,Tenor : 7; Maturity : 1.5,7,1.5,-0.5767536,0.16543798,0.165449470107459,-0.5766383695698947
2051-12-30,Tenor : 7; Maturity : 1.5,7,1.5,-0.5290201,0.1701976,0.170169191017282,-0.5293050255796168
2052-01-01,Tenor : 7; Maturity : 1.5,7,1.5,-0.55940825,0.16716753,0.167546001809136,-0.5556125805204905
2051-12-29,Tenor : 7; Maturity : 2,7,2.0,-0.33542788,0.18950115,0.189562605411655,-0.3348115010230371
2051-12-30,Tenor : 7; Maturity : 2,7,2.0,-0.27808845,0.1952186,0.195253184093673,-0.27774157604101074
2052-01-01,Tenor : 7; Maturity : 2,7,2.0,-0.3132708,0.19171049,0.192244246047509,-0.3079177458412408
2051-12-29,Tenor : 7; Maturity : 3,7,3.0,-0.05487752,0.21747549,0.217514783281449,-0.054483474076628666
2051-12-30,Tenor : 7; Maturity : 3,7,3.0,0.006828904,0.22362839,0.223653912120471,0.007084890386040655
2052-01-01,Tenor : 7; Maturity : 3,7,3.0,-0.031412125,0.21981528,0.220397302796183,-0.025575135987055037
2051-12-29,Tenor : 7; Maturity : 4,7,4.0,0.12127507,0.2350401,0.23503279680911,0.12120194804342932
2051-12-30,Tenor : 7; Maturity : 4,7,4.0,0.18441463,0.24133588,0.241337501044201,0.18443084229762713
2052-01-01,Tenor : 7; Maturity : 4,7,4.0,0.14743364,0.23764843,0.23822635659104,0.1532296604018023
2051-12-29,Tenor : 7; Maturity : 5,7,5.0,0.25591052,0.24846491,0.248433771904103,0.25559823462390824
2051-12-30,Tenor : 7; Maturity : 5,7,5.0,0.3224889,0.2551036,0.255105681095132,0.3225097700398262
2052-01-01,Tenor : 7; Maturity : 5,7,5.0,0.28626394,0.25149152,0.252100642539993,0.29237270762615564
2051-12-29,Tenor : 7; Maturity : 7,7,7.0,0.41419291,0.26424763,0.2641407467741,0.41312103285141977
2051-12-30,Tenor : 7; Maturity : 7,7,7.0,0.48364794,0.27117315,0.271135216072531,0.4832674732146674
2052-01-01,Tenor : 7; Maturity : 7,7,7.0,0.44935346,0.26775357,0.268352180536004,0.45535684440747826
2051-12-29,Tenor : 7; Maturity : 10,7,10.0,0.5289087,0.2756862,0.275423660822728,0.5262756159465622
2051-12-30,Tenor : 7; Maturity : 10,7,10.0,0.595685,0.28234464,0.282188384265725,0.5941179710019339
2052-01-01,Tenor : 7; Maturity : 10,7,10.0,0.5672772,0.27951202,0.279970896103864,0.5718791285014623
2051-12-29,Tenor : 7; Maturity : 15,7,15.0,0.6782689,0.2905793,0.290203948101284,0.6745048090276539
2051-12-30,Tenor : 7; Maturity : 15,7,15.0,0.75629234,0.2983592,0.298124490607913,0.7539386929837175
2052-01-01,Tenor : 7; Maturity : 15,7,15.0,0.72356105,0.29509547,0.295591714843762,0.7285378803540372
2051-12-29,Tenor : 7; Maturity : 20,7,20.0,0.8692117,0.30961865,0.309191345605692,0.8649264535968854
2051-12-30,Tenor : 7; Maturity : 20,7,20.0,0.9681418,0.3194832,0.319228216290908,0.9655846623779379
2052-01-01,Tenor : 7; Maturity : 20,7,20.0,0.92349124,0.315031,0.315726940392937,0.9304709131436123
2051-12-29,Tenor : 7; Maturity : 25,7,25.0,1.1749692,0.34010646,0.33959350831991,1.1698249959673588
2051-12-30,Tenor : 7; Maturity : 25,7,25.0,1.2906079,0.35163707,0.351360157037271,1.28783087851699
2052-01-01,Tenor : 7; Maturity : 25,7,25.0,1.2419679,0.34678707,0.347618928521437,1.250310681948238
2051-12-29,Tenor : 7; Maturity : 30,7,30.0,1.4345713,0.365992,0.365570149027291,1.430340669204578
2051-12-30,Tenor : 7; Maturity : 30,7,30.0,1.5986698,0.38235465,0.382304805158857,1.598169922325422
2052-01-01,Tenor : 7; Maturity : 30,7,30.0,1.5339122,0.37589753,0.377400790990551,1.5489883300243787
2051-12-29,Tenor : 8; Maturity : 0.0833333333333333,8,0.0833333333333333,-1.8397627,0.039500326,0.0388514175213967,-1.8462704698671324
2051-12-30,Tenor : 8; Maturity : 0.0833333333333333,8,0.0833333333333333,-1.8216898,0.041302413,0.0406686342020846,-1.8280458875464167
2052-01-01,Tenor : 8; Maturity : 0.0833333333333333,8,0.0833333333333333,-1.8310442,0.04036966,0.0398968081309711,-1.8357864106880808
2051-12-29,Tenor : 8; Maturity : 0.25,8,0.25,-1.5460556,0.06878656,0.068593388919164,-1.547992883116284
2051-12-30,Tenor : 8; Maturity : 0.25,8,0.25,-1.5181142,0.07157266,0.0714052438311208,-1.5197932292932372
2052-01-01,Tenor : 8; Maturity : 0.25,8,0.25,-1.5327187,0.070116416,0.0701771662498035,-1.5321094275841698
2051-12-29,Tenor : 8; Maturity : 0.5,8,0.5,-1.2703055,0.09628226,0.096144449549573,-1.2716875983266678
2051-12-30,Tenor : 8; Maturity : 0.5,8,0.5,-1.236591,0.09964401,0.0994900202931732,-1.2381353917711797
2052-01-01,Tenor : 8; Maturity : 0.5,8,0.5,-1.2553408,0.09777443,0.0979055744382973,-1.2540255518284669
2051-12-29,Tenor : 8; Maturity : 0.75,8,0.75,-1.0368122,0.11956444,0.119478359972028,-1.0376754544378863
2051-12-30,Tenor : 8; Maturity : 0.75,8,0.75,-0.9982304,0.12341152,0.123303776419389,-0.9993109502503295
2052-01-01,Tenor : 8; Maturity : 0.75,8,0.75,-1.0204338,0.12119757,0.121414563147139,-1.018257575145097
2051-12-29,Tenor : 8; Maturity : 1,8,1.0,-0.887624,0.13444035,0.13437318443568,-0.8882975858131746
2051-12-30,Tenor : 8; Maturity : 1,8,1.0,-0.84601545,0.13858923,0.138499108810521,-0.8469193345471385
2052-01-01,Tenor : 8; Maturity : 1,8,1.0,-0.87062126,0.13613573,0.136401250494577,-0.8679584280038671
2051-12-29,Tenor : 8; Maturity : 1.5,8,1.5,-0.6072278,0.16239932,0.162387878911638,-0.6073425895859117
2051-12-30,Tenor : 8; Maturity : 1.5,8,1.5,-0.5583055,0.16727749,0.167238072079408,-0.5587007596947535
2052-01-01,Tenor : 8; Maturity : 1.5,8,1.5,-0.5884628,0.16427043,0.16465594734571,-0.5845964854338661
2051-12-29,Tenor : 8; Maturity : 2,8,2.0,-0.40393972,0.18266967,0.182673504039172,-0.40390122291082164
2051-12-30,Tenor : 8; Maturity : 2,8,2.0,-0.34954548,0.18809345,0.188078214134345,-0.34969822934607203
2052-01-01,Tenor : 8; Maturity : 2,8,2.0,-0.38295686,0.18476191,0.185229948720605,-0.3782630384057718
2051-12-29,Tenor : 8; Maturity : 3,8,3.0,-0.11062038,0.21191724,0.211881952685926,-0.11097425251692637
2051-12-30,Tenor : 8; Maturity : 3,8,3.0,-0.05544436,0.21741897,0.217370570879169,-0.055929757739413964
2052-01-01,Tenor : 8; Maturity : 3,8,3.0,-0.090229034,0.21395051,0.214407101969933,-0.08564992466568691
2051-12-29,Tenor : 8; Maturity : 4,8,4.0,0.058115125,0.22874226,0.228698955610322,0.057680843730236186
2051-12-30,Tenor : 8; Maturity : 4,8,4.0,0.11948526,0.23486163,0.234834089578737,0.11920914425941216
2052-01-01,Tenor : 8; Maturity : 4,8,4.0,0.08420241,0.2313435,0.231878693939335,0.089569942895612
2051-12-29,Tenor : 8; Maturity : 5,8,5.0,0.23818243,0.2466972,0.246643293905338,0.23764181036878287
2051-12-30,Tenor : 8; Maturity : 5,8,5.0,0.30529523,0.25338918,0.253382041897521,0.3052236616841721
2052-01-01,Tenor : 8; Maturity : 5,8,5.0,0.2702602,0.24989575,0.250502408209544,0.2763442651005043
2051-12-29,Tenor : 8; Maturity : 7,8,7.0,0.3501618,0.25786293,0.257705271052794,0.34858065178276865
2051-12-30,Tenor : 8; Maturity : 7,8,7.0,0.4201932,0.26484594,0.264784665156581,0.41957878975738483
2052-01-01,Tenor : 8; Maturity : 7,8,7.0,0.38769925,0.2616059,0.262197033926146,0.3936278402223713
2051-12-29,Tenor : 8; Maturity : 10,8,10.0,0.49603176,0.27240798,0.272126788912065,0.4932118023819696
2051-12-30,Tenor : 8; Maturity : 10,8,10.0,0.56318164,0.27910364,0.278934070194949,0.5614809633678914
2052-01-01,Tenor : 8; Maturity : 10,8,10.0,0.5347221,0.2762659,0.276719370576474,0.5392700867335897
2051-12-29,Tenor : 8; Maturity : 15,8,15.0,0.6591797,0.28867584,0.288289174055887,0.6553018391304715
2051-12-30,Tenor : 8; Maturity : 15,8,15.0,0.7380338,0.2965386,0.296296268900538,0.7356037429688618
2052-01-01,Tenor : 8; Maturity : 15,8,15.0,0.7048948,0.2932342,0.293733897799152,0.709906123323551
2051-12-29,Tenor : 8; Maturity : 20,8,20.0,0.8742676,0.3101228,0.309657871790359,0.8696051718518895
2051-12-30,Tenor : 8; Maturity : 20,8,20.0,0.9771106,0.3203775,0.320115911031975,0.9744872143169385
2052-01-01,Tenor : 8; Maturity : 20,8,20.0,0.9318478,0.31586424,0.316608991365892,0.9393168646135271
2051-12-29,Tenor : 8; Maturity : 25,8,25.0,1.1272128,0.33534455,0.334822571789468,1.121978018515537
2051-12-30,Tenor : 8; Maturity : 25,8,25.0,1.2453496,0.34712425,0.346851862955756,1.2426179011721732
2052-01-01,Tenor : 8; Maturity : 25,8,25.0,1.1965513,0.34225845,0.343120042635002,1.2051920579227298
2051-12-29,Tenor : 8; Maturity : 30,8,30.0,1.3717587,0.3597288,0.35929762715964,1.367434526887955
2051-12-30,Tenor : 8; Maturity : 30,8,30.0,1.5365858,0.3761641,0.376104586098278,1.5359888935703832
2052-01-01,Tenor : 8; Maturity : 30,8,30.0,1.4712245,0.3696468,0.371150253757594,1.486302668176062
2051-12-29,Tenor : 9; Maturity : 0.0833333333333333,9,0.0833333333333333,-1.8380444,0.03967166,0.0390095968468029,-1.844684114113338
2051-12-30,Tenor : 9; Maturity : 0.0833333333333333,9,0.0833333333333333,-1.8200859,0.041462347,0.0408161511054807,-1.8265664635579568
2052-01-01,Tenor : 9; Maturity : 0.0833333333333333,9,0.0833333333333333,-1.8295214,0.040521502,0.0400385513457179,-1.8343648901214866
2051-12-29,Tenor : 9; Maturity : 0.25,9,0.25,-1.5519736,0.06819646,0.0679747515299813,-1.5541971008882478
2051-12-30,Tenor : 9; Maturity : 0.25,9,0.25,-1.5251436,0.07087174,0.0706716351673497,-1.5271504760245547
2052-01-01,Tenor : 9; Maturity : 0.25,9,0.25,-1.5398811,0.06940223,0.0694251797302118,-1.5396509829616933
2051-12-29,Tenor : 9; Maturity : 0.5,9,0.5,-1.2678442,0.09652768,0.096371726122245,-1.2694082770700181
2051-12-30,Tenor : 9; Maturity : 0.5,9,0.5,-1.2352625,0.099776484,0.0995996858143652,-1.2370355733841116
2052-01-01,Tenor : 9; Maturity : 0.5,9,0.5,-1.2542981,0.0978784,0.0979807493395764,-1.2532716344825758
2051-12-29,Tenor : 9; Maturity : 0.75,9,0.75,-1.0519254,0.11805746,0.117944727428963,-1.0530560157258424
2051-12-30,Tenor : 9; Maturity : 0.75,9,0.75,-1.015081,0.1217313,0.121592851296753,-1.016469551133443
2052-01-01,Tenor : 9; Maturity : 0.75,9,0.75,-1.0372651,0.11951928,0.119695834987479,-1.0354944314680306
2051-12-29,Tenor : 9; Maturity : 1,9,1.0,-0.90833145,0.13237557,0.132274043931322,-0.9093495381372855
2051-12-30,Tenor : 9; Maturity : 1,9,1.0,-0.86923057,0.1362744,0.136145838938794,-0.8705199106126813
2052-01-01,Tenor : 9; Maturity : 1,9,1.0,-0.8934657,0.13385786,0.134069154926574,-0.8913466502838636
2051-12-29,Tenor : 9; Maturity : 1.5,9,1.5,-0.6312947,0.15999955,0.159950504079129,-0.6317866411696145
2051-12-30,Tenor : 9; Maturity : 1.5,9,1.5,-0.58428854,0.16468665,0.164614537403751,-0.585011779275348
2052-01-01,Tenor : 9; Maturity : 1.5,9,1.5,-0.6131536,0.16180846,0.162149282838087,-0.6097354323492654
2051-12-29,Tenor : 9; Maturity : 2,9,2.0,-0.42449713,0.18061984,0.180573721029157,-0.4249596188238352
2051-12-30,Tenor : 9; Maturity : 2,9,2.0,-0.3740785,0.1856472,0.185580987946049,-0.3747425208307942
2052-01-01,Tenor : 9; Maturity : 2,9,2.0,-0.40588665,0.18247554,0.182863785432271,-0.4019929205330776
2051-12-29,Tenor : 9; Maturity : 3,9,3.0,-0.11502874,0.21147767,0.211449408291815,-0.11531217270091668
2051-12-30,Tenor : 9; Maturity : 3,9,3.0,-0.055882096,0.21737532,0.217355228692423,-0.05608362213450998
2052-01-01,Tenor : 9; Maturity : 3,9,3.0,-0.089903116,0.21398301,0.214498401049886,-0.08473430044976855
2051-12-29,Tenor : 9; Maturity : 4,9,4.0,0.041202426,0.22705586,0.227001017055976,0.040652483112568215
2051-12-30,Tenor : 9; Maturity : 4,9,4.0,0.103921175,0.23330969,0.233284383722644,0.10366738622504819
2052-01-01,Tenor : 9; Maturity : 4,9,4.0,0.069770575,0.22990446,0.230452291707023,0.07526477764950514
2051-12-29,Tenor : 9; Maturity : 5,9,5.0,0.20901573,0.24378893,0.243691887980696,0.20804262123129133
2051-12-30,Tenor : 9; Maturity : 5,9,5.0,0.27071607,0.24994121,0.24987950950009,0.2700973112129719
2052-01-01,Tenor : 9; Maturity : 5,9,5.0,0.23757815,0.24663696,0.247141699571525,0.242640242965768
2051-12-29,Tenor : 9; Maturity : 7,9,7.0,0.37377775,0.26021773,0.260036538439196,0.3719605683588146
2051-12-30,Tenor : 9; Maturity : 7,9,7.0,0.4386959,0.26669088,0.266589817272484,0.4376823784418306
2052-01-01,Tenor : 9; Maturity : 7,9,7.0,0.40805674,0.26363578,0.264135010779829,0.41306350746058773
2051-12-29,Tenor : 9; Maturity : 10,9,10.0,0.44956732,0.2677749,0.267472654861424,0.4465362187606246
2051-12-30,Tenor : 9; Maturity : 10,9,10.0,0.5150826,0.27430758,0.27411426409106,0.5131438805952633
2052-01-01,Tenor : 9; Maturity : 10,9,10.0,0.48726475,0.2715338,0.271949094316578,0.49142973103196796
2051-12-29,Tenor : 9; Maturity : 15,9,15.0,0.6786485,0.29061714,0.290226389987631,0.6747298752013849
2051-12-30,Tenor : 9; Maturity : 15,9,15.0,0.7602527,0.2987541,0.298517169042627,0.7578768036862372
2052-01-01,Tenor : 9; Maturity : 15,9,15.0,0.7260318,0.29534182,0.295877736356001,0.73140634543621
2051-12-29,Tenor : 9; Maturity : 20,9,20.0,0.8824489,0.31093857,0.310508446587118,0.8781354536659398
2051-12-30,Tenor : 9; Maturity : 20,9,20.0,0.98570704,0.32123467,0.320994060387456,0.9832940370744689
2052-01-01,Tenor : 9; Maturity : 20,9,20.0,0.94034123,0.31671113,0.317461850789067,0.9478700585891446
2051-12-29,Tenor : 9; Maturity : 25,9,25.0,1.1416914,0.33678824,0.336279672376061,1.1365910527629854
2051-12-30,Tenor : 9; Maturity : 25,9,25.0,1.2636576,0.3489498,0.348698685745177,1.2611393985341914
2052-01-01,Tenor : 9; Maturity : 25,9,25.0,1.2134151,0.34394,0.344857887610517,1.222620633806661
2051-12-29,Tenor : 9; Maturity : 30,9,30.0,1.3901246,0.3615601,0.361132909431522,1.3858402862016996
2051-12-30,Tenor : 9; Maturity : 30,9,30.0,1.5553253,0.37803268,0.377967911722067,1.5546758952812556
2052-01-01,Tenor : 9; Maturity : 30,9,30.0,1.4885502,0.37137437,0.372877326815277,1.5036232141781598
2051-12-29,Tenor : 10; Maturity : 0.0833333333333333,10,0.0833333333333333,-1.845636,0.03891468,0.0382245893842318,-1.8525568313715723
2051-12-30,Tenor : 10; Maturity : 0.0833333333333333,10,0.0833333333333333,-1.8280421,0.04066901,0.0399955516089586,-1.8347961277667642
2052-01-01,Tenor : 10; Maturity : 0.0833333333333333,10,0.0833333333333333,-1.8374033,0.039735585,0.0392265186639766,-1.8425086390826197
2051-12-29,Tenor : 10; Maturity : 0.25,10,0.25,-1.5577691,0.06761858,0.0673681242822543,-1.5602808708270115
2051-12-30,Tenor : 10; Maturity : 0.25,10,0.25,-1.5317596,0.07021205,0.0699826163155388,-1.5340605384947048
2052-01-01,Tenor : 10; Maturity : 0.25,10,0.25,-1.5462793,0.068764254,0.0687548615929128,-1.5463734988862388
2051-12-29,Tenor : 10; Maturity : 0.5,10,0.5,-1.3001635,0.09330505,0.0931212701198783,-1.302006592738445
2051-12-30,Tenor : 10; Maturity : 0.5,10,0.5,-1.2678695,0.09652516,0.0963258721598714,-1.269868139298276
2052-01-01,Tenor : 10; Maturity : 0.5,10,0.5,-1.2865942,0.09465808,0.0947427213979663,-1.2857453110703956
2051-12-29,Tenor : 10; Maturity : 0.75,10,0.75,-1.0919591,0.1140656,0.11391834635037,-1.093435962818124
2051-12-30,Tenor : 10; Maturity : 0.75,10,0.75,-1.0555248,0.11769856,0.117535492867997,-1.0571601652331997
2052-01-01,Tenor : 10; Maturity : 0.75,10,0.75,-1.0768383,0.11557334,0.115729238840811,-1.0752748048138325
2051-12-29,Tenor : 10; Maturity : 1,10,1.0,-0.8988122,0.13332474,0.133191307081871,-0.9001504492368848
2051-12-30,Tenor : 10; Maturity : 1,10,1.0,-0.861175,0.13707764,0.136919771764644,-0.8627582591567481
2052-01-01,Tenor : 10; Maturity : 1,10,1.0,-0.88478863,0.13472307,0.13489831643722,-0.8830311189724207
2051-12-29,Tenor : 10; Maturity : 1.5,10,1.5,-0.6781365,0.15532884,0.155230732753246,-0.6791204907746852
2051-12-30,Tenor : 10; Maturity : 1.5,10,1.5,-0.63439107,0.15969081,0.159573103183427,-0.6355715358190679
2052-01-01,Tenor : 10; Maturity : 1.5,10,1.5,-0.6613898,0.1569987,0.157270726085122,-0.6586617162071906
2051-12-29,Tenor : 10; Maturity : 2,10,2.0,-0.42328322,0.18074088,0.180647699164843,-0.4242177036531952
2051-12-30,Tenor : 10; Maturity : 2,10,2.0,-0.37662673,0.18539311,0.185279500227891,-0.3777660940769825
2052-01-01,Tenor : 10; Maturity : 2,10,2.0,-0.40672207,0.18239224,0.182705131632139,-0.40358403471980486
2051-12-29,Tenor : 10; Maturity : 3,10,3.0,-0.17544281,0.20545363,0.205389795900769,-0.1760830791238319
2051-12-30,Tenor : 10; Maturity : 3,10,3.0,-0.118472695,0.21113427,0.211080611092923,-0.11901078221858413
2052-01-01,Tenor : 10; Maturity : 3,10,3.0,-0.15107512,0.2078834,0.208348941506713,-0.1464062699311632
2051-12-29,Tenor : 10; Maturity : 4,10,4.0,0.008486986,0.22379372,0.22370852382155,0.007632582608198479
2051-12-30,Tenor : 10; Maturity : 4,10,4.0,0.07069254,0.22999638,0.229953165828456,0.07025912215502658
2052-01-01,Tenor : 10; Maturity : 4,10,4.0,0.038176417,0.22675413,0.227281294800332,0.04346334484356805
2051-12-29,Tenor : 10; Maturity : 5,10,5.0,0.1852982,0.241424,0.24128803967957,0.18393480199544823
2051-12-30,Tenor : 10; Maturity : 5,10,5.0,0.24531007,0.24740791,0.247314806864435,0.24437630897456142
2052-01-01,Tenor : 10; Maturity : 5,10,5.0,0.21342313,0.2442284,0.244692451523753,0.21807711676027042
2051-12-29,Tenor : 10; Maturity : 7,10,7.0,0.36227453,0.25907072,0.25884589323749,0.36001977355770076
2051-12-30,Tenor : 10; Maturity : 7,10,7.0,0.42635012,0.26545987,0.265327336675908,0.42502115768311793
2052-01-01,Tenor : 10; Maturity : 7,10,7.0,0.3966105,0.26249444,0.262965575186171,0.4013354205065722
2051-12-29,Tenor : 10; Maturity : 10,10,10.0,0.43609965,0.266432,0.266114362340277,0.4329141151720284
2051-12-30,Tenor : 10; Maturity : 10,10,10.0,0.5009632,0.27289972,0.27269061217138,0.49886629780506425
2052-01-01,Tenor : 10; Maturity : 10,10,10.0,0.47337794,0.2701491,0.270543929663472,0.47733755415133566
2051-12-29,Tenor : 10; Maturity : 15,10,15.0,0.68313193,0.29106417,0.290666310296924,0.6791417672869398
2051-12-30,Tenor : 10; Maturity : 15,10,15.0,0.7655568,0.29928297,0.299041401942758,0.763134253579361
2052-01-01,Tenor : 10; Maturity : 15,10,15.0,0.73092127,0.29582936,0.296370140934249,0.7363445940593631
2051-12-29,Tenor : 10; Maturity : 20,10,20.0,0.9230311,0.3149851,0.314553094228408,0.9186985932630699
2051-12-30,Tenor : 10; Maturity : 20,10,20.0,1.0296876,0.32562009,0.325391114572242,1.0273914068658054
2052-01-01,Tenor : 10; Maturity : 20,10,20.0,0.9832597,0.32099062,0.321789242177398,0.9912687910731207
2051-12-29,Tenor : 10; Maturity : 25,10,25.0,1.1470945,0.337327,0.336819593180855,1.1420058342022086
2051-12-30,Tenor : 10; Maturity : 25,10,25.0,1.2724626,0.34982777,0.349587611050527,1.2700542916102255
2052-01-01,Tenor : 10; Maturity : 25,10,25.0,1.2207992,0.3446763,0.345641195183835,1.2304763031410246
2051-12-29,Tenor : 10; Maturity : 30,10,30.0,1.3593276,0.35848927,0.35805172734971,1.3549395922493204
2051-12-30,Tenor : 10; Maturity : 30,10,30.0,1.5233579,0.37484512,0.374758439130991,1.5224885958448433
2052-01-01,Tenor : 10; Maturity : 30,10,30.0,1.4557335,0.36810213,0.369575845873888,1.4705131773641453
2051-12-29,Tenor : 15; Maturity : 0.0833333333333333,15,0.0833333333333333,-1.8577077,0.03771098,0.0369430634321406,-1.8654090550266942
2051-12-30,Tenor : 15; Maturity : 0.0833333333333333,15,0.0833333333333333,-1.8415546,0.039321646,0.0385687206479489,-1.8491055926660316
2052-01-01,Tenor : 15; Maturity : 0.0833333333333333,15,0.0833333333333333,-1.8505365,0.03842604,0.0378307039664659,-1.8565070467186418
2051-12-29,Tenor : 15; Maturity : 0.25,15,0.25,-1.591913,0.064214006,0.0638407671452335,-1.5956561847350172
2051-12-30,Tenor : 15; Maturity : 0.25,15,0.25,-1.5682979,0.06656873,0.0662166203728917,-1.5718291237193747
2052-01-01,Tenor : 15; Maturity : 0.25,15,0.25,-1.5819553,0.065206915,0.0650653185748055,-1.5833753496693075
2051-12-29,Tenor : 15; Maturity : 0.5,15,0.5,-1.3479654,0.08853862,0.0882627477377719,-1.3507319550195234
2051-12-30,Tenor : 15; Maturity : 0.5,15,0.5,-1.3180155,0.09152499,0.0912447426184626,-1.320825994018479
2052-01-01,Tenor : 15; Maturity : 0.5,15,0.5,-1.3349603,0.089835376,0.0898297109913598,-1.335017125240535
2051-12-29,Tenor : 15; Maturity : 0.75,15,0.75,-1.1455413,0.1087228,0.108476204780005,-1.1480143508024123
2051-12-30,Tenor : 15; Maturity : 0.75,15,0.75,-1.1124649,0.112020925,0.111766153583437,-1.1150199679991524
2052-01-01,Tenor : 15; Maturity : 0.75,15,0.75,-1.1319549,0.11007753,0.1101251659944,-1.1314771762789908
2051-12-29,Tenor : 15; Maturity : 1,15,1.0,-0.9863781,0.12459335,0.124359931778812,-0.9887189330760303
2051-12-30,Tenor : 15; Maturity : 1,15,1.0,-0.9505642,0.12816444,0.12792483461907,-0.9529670791732582
2052-01-01,Tenor : 15; Maturity : 1,15,1.0,-0.97204673,0.12602235,0.12611374438181,-0.9711302203495182
2051-12-29,Tenor : 15; Maturity : 1.5,15,1.5,-0.7199085,0.15116367,0.150977148346134,-0.7217790245694441
2051-12-30,Tenor : 15; Maturity : 1.5,15,1.5,-0.6771473,0.15542749,0.155237516095278,-0.6790524616967082
2052-01-01,Tenor : 15; Maturity : 1.5,15,1.5,-0.702739,0.15287568,0.153080234069176,-0.7006875062632223
2051-12-29,Tenor : 15; Maturity : 2,15,2.0,-0.5566545,0.16744211,0.167274274915475,-0.5583376871051399
2051-12-30,Tenor : 15; Maturity : 2,15,2.0,-0.50846875,0.17224683,0.172088208585717,-0.5100594980525397
2052-01-01,Tenor : 15; Maturity : 2,15,2.0,-0.53598994,0.16950262,0.169789047345808,-0.5331174270989858
2051-12-29,Tenor : 15; Maturity : 3,15,3.0,-0.24095356,0.19892141,0.198766451701744,-0.24250756381867333
2051-12-30,Tenor : 15; Maturity : 3,15,3.0,-0.18525231,0.2044755,0.204349275751134,-0.18651829322070423
2052-01-01,Tenor : 15; Maturity : 3,15,3.0,-0.21569455,0.20144004,0.201832609467176,-0.21175754638912658
2051-12-29,Tenor : 15; Maturity : 4,15,4.0,-0.045057774,0.21845464,0.218267678473977,-0.04693280576012209
2051-12-30,Tenor : 15; Maturity : 4,15,4.0,0.012962222,0.22423996,0.224101005981064,0.011568724897387469
2052-01-01,Tenor : 15; Maturity : 4,15,4.0,-0.017433882,0.2212091,0.221615194819981,-0.013361087061944395
2051-12-29,Tenor : 15; Maturity : 5,15,5.0,0.06423819,0.2293528,0.229134134114704,0.062045180994801497
2051-12-30,Tenor : 15; Maturity : 5,15,5.0,0.12712348,0.23562326,0.235482474052047,0.12571169089289277
2052-01-01,Tenor : 15; Maturity : 5,15,5.0,0.09622395,0.23254219,0.232999568650108,0.1008110203382636
2051-12-29,Tenor : 15; Maturity : 7,15,7.0,0.3264302,0.2554966,0.255226077025956,0.32371720202947263
2051-12-30,Tenor : 15; Maturity : 7,15,7.0,0.39237702,0.26207232,0.261903625327361,0.3906852912027689
2052-01-01,Tenor : 15; Maturity : 7,15,7.0,0.3624953,0.25909275,0.259548570110259,0.3670668101872531
2051-12-29,Tenor : 15; Maturity : 10,15,10.0,0.4596331,0.2687786,0.268413160675955,0.4559684047086113
2051-12-30,Tenor : 15; Maturity : 10,15,10.0,0.5276406,0.27555978,0.275319414398316,0.525230144834874
2052-01-01,Tenor : 15; Maturity : 10,15,10.0,0.49917626,0.27272153,0.273123301669848,0.5032056732179917
2051-12-29,Tenor : 15; Maturity : 15,15,15.0,0.67292666,0.2900466,0.289579016231104,0.6682374648886911
2051-12-30,Tenor : 15; Maturity : 15,15,15.0,0.7569785,0.2984276,0.298137379275142,0.75406795141471
2052-01-01,Tenor : 15; Maturity : 15,15,15.0,0.7227073,0.29501033,0.295529310402381,0.7279120359562762
2051-12-29,Tenor : 15; Maturity : 20,15,20.0,0.98846054,0.32150924,0.321015837713069,0.9835124384723747
2051-12-30,Tenor : 15; Maturity : 20,15,20.0,1.0981729,0.3324489,0.332187667384841,1.0955529736985576
2052-01-01,Tenor : 15; Maturity : 20,15,20.0,1.0521574,0.3278606,0.328664922864658,1.0602239190045286
2051-12-29,Tenor : 15; Maturity : 25,15,25.0,1.2841346,0.3509916,0.350456272454999,1.2787659611886908
2051-12-30,Tenor : 15; Maturity : 25,15,25.0,1.4125943,0.36380064,0.363556883174826,1.4101499403544306
2052-01-01,Tenor : 15; Maturity : 25,15,25.0,1.3621895,0.35877466,0.359755321829974,1.372024675264811
2051-12-29,Tenor : 15; Maturity : 30,15,30.0,1.5987821,0.38236585,0.381930916480845,1.5944202511587267
2051-12-30,Tenor : 15; Maturity : 30,15,30.0,1.7650435,0.39894417,0.398872261701491,1.7643223568781425
2052-01-01,Tenor : 15; Maturity : 30,15,30.0,1.698708,0.3923297,0.393815239966314,1.7136062755820518
2051-12-29,Tenor : 20; Maturity : 0.0833333333333333,20,0.0833333333333333,-1.8695621,0.036528945,0.0356890497070954,-1.8779853628529803
2051-12-30,Tenor : 20; Maturity : 0.0833333333333333,20,0.0833333333333333,-1.8534245,0.03813806,0.0373189180511532,-1.861639667744698
2052-01-01,Tenor : 20; Maturity : 0.0833333333333333,20,0.0833333333333333,-1.8619914,0.037283838,0.0366283576335471,-1.8685651903374831
2051-12-29,Tenor : 20; Maturity : 0.25,20,0.25,-1.6159995,0.06181228,0.0613527513356304,-1.6206081067700873
2051-12-30,Tenor : 20; Maturity : 0.25,20,0.25,-1.5909181,0.06431322,0.0638890171347176,-1.5951722931250227
2052-01-01,Tenor : 20; Maturity : 0.25,20,0.25,-1.6044502,0.06296389,0.0627730916939507,-1.606363735111643
2051-12-29,Tenor : 20; Maturity : 0.5,20,0.5,-1.3685716,0.08648391,0.0861440618696635,-1.3719799247445545
2051-12-30,Tenor : 20; Maturity : 0.5,20,0.5,-1.3375922,0.08957294,0.0892398455730209,-1.3409327934098318
2052-01-01,Tenor : 20; Maturity : 0.5,20,0.5,-1.3547672,0.087860376,0.0878237508157508,-1.3551345865983209
2051-12-29,Tenor : 20; Maturity : 0.75,20,0.75,-1.1618581,0.107095815,0.106793078466049,-1.164894161774234
2051-12-30,Tenor : 20; Maturity : 0.75,20,0.75,-1.1263237,0.11063903,0.11034324538777,-1.1292900920973625
2052-01-01,Tenor : 20; Maturity : 0.75,20,0.75,-1.1464365,0.10863354,0.108674691640788,-1.1460237570706011
2051-12-29,Tenor : 20; Maturity : 1,20,1.0,-0.9922189,0.12401094,0.123734052207501,-0.9949957815616459
2051-12-30,Tenor : 20; Maturity : 1,20,1.0,-0.9525334,0.12796807,0.127702741406453,-0.9551944173213313
2052-01-01,Tenor : 20; Maturity : 1,20,1.0,-0.97482383,0.12574545,0.125855349222342,-0.9737216250537806
2051-12-29,Tenor : 20; Maturity : 1.5,20,1.5,-0.78862214,0.14431205,0.144055543688289,-0.7911947168305302
2051-12-30,Tenor : 20; Maturity : 1.5,20,1.5,-0.7436959,0.14879176,0.14855661541879,-0.7460541713162172
2052-01-01,Tenor : 20; Maturity : 1.5,20,1.5,-0.7685116,0.14631733,0.14650760613636,-0.7666033654439203
2051-12-29,Tenor : 20; Maturity : 2,20,2.0,-0.5831108,0.16480409,0.164567450999226,-0.5854840014734887
2051-12-30,Tenor : 20; Maturity : 2,20,2.0,-0.5323228,0.16986828,0.169666068815611,-0.5343507595744543
2052-01-01,Tenor : 20; Maturity : 2,20,2.0,-0.5596627,0.16714215,0.167422554718156,-0.5568506121188832
2051-12-29,Tenor : 20; Maturity : 3,20,3.0,-0.27418637,0.19560769,0.195362453133913,-0.27664573389949704
2051-12-30,Tenor : 20; Maturity : 3,20,3.0,-0.22046983,0.20096388,0.200758922062722,-0.2225253897053016
2052-01-01,Tenor : 20; Maturity : 3,20,3.0,-0.24979866,0.19803944,0.198349101397202,-0.24669310485102966
2051-12-29,Tenor : 20; Maturity : 4,20,4.0,-0.0683403,0.21613309,0.215847845849084,-0.07120092928297078
2051-12-30,Tenor : 20; Maturity : 4,20,4.0,-0.01473701,0.221478,0.221246390092143,-0.01705977208623554
2052-01-01,Tenor : 20; Maturity : 4,20,4.0,-0.042536974,0.218706,0.218988782329959,-0.03970096779341652
2051-12-29,Tenor : 20; Maturity : 5,20,5.0,0.096556544,0.23257534,0.232279682687558,0.0935913964346057
2051-12-30,Tenor : 20; Maturity : 5,20,5.0,0.15694308,0.23859663,0.238389189234145,0.15486268355215313
2052-01-01,Tenor : 20; Maturity : 5,20,5.0,0.12833071,0.23574363,0.236114819561172,0.13205338525914787
2051-12-29,Tenor : 20; Maturity : 7,20,7.0,0.32188487,0.2550434,0.254705612966219,0.31849754924813234
2051-12-30,Tenor : 20; Maturity : 7,20,7.0,0.3859452,0.26143098,0.261203065071133,0.38365948178998294
2052-01-01,Tenor : 20; Maturity : 7,20,7.0,0.35814476,0.25865895,0.25903831857591,0.3619495772282782
2051-12-29,Tenor : 20; Maturity : 10,20,10.0,0.476246,0.2704351,0.269990021919961,0.47178249988786913
2051-12-30,Tenor : 20; Maturity : 10,20,10.0,0.5434005,0.27713123,0.27682828422386,0.5403623646956676
2052-01-01,Tenor : 20; Maturity : 10,20,10.0,0.5165057,0.2744495,0.274789869805427,0.5199194248045355
2051-12-29,Tenor : 20; Maturity : 15,20,15.0,0.78019786,0.30074286,0.300220257354642,0.7749568104194002
2051-12-30,Tenor : 20; Maturity : 15,20,15.0,0.86718774,0.30941683,0.30909567770978,0.8639670152079325
2052-01-01,Tenor : 20; Maturity : 15,20,15.0,0.8327682,0.30598477,0.306509778520332,0.838033436041508
2051-12-29,Tenor : 20; Maturity : 20,20,20.0,1.0541837,0.32806265,0.32750557673946,1.0485970177541644
2051-12-30,Tenor : 20; Maturity : 20,20,20.0,1.1665747,0.33926943,0.338976542104245,1.16363753813364
2052-01-01,Tenor : 20; Maturity : 20,20,20.0,1.1214952,0.33477443,0.335579055612237,1.1295646766443432
2051-12-29,Tenor : 20; Maturity : 25,20,25.0,1.4082844,0.3633709,0.362730080098466,1.4018580614121579
2051-12-30,Tenor : 20; Maturity : 25,20,25.0,1.5281916,0.3753271,0.374968554954797,1.5245958146308758
2052-01-01,Tenor : 20; Maturity : 25,20,25.0,1.4803348,0.3705552,0.371352880617857,1.4883347813161711
2051-12-29,Tenor : 20; Maturity : 30,20,30.0,1.7484069,0.39728528,0.396785762289169,1.7433971800920744
2051-12-30,Tenor : 20; Maturity : 30,20,30.0,1.9166918,0.4140654,0.413961264250365,1.9156476071974071
2052-01-01,Tenor : 20; Maturity : 30,20,30.0,1.8505485,0.4074701,0.408950922059145,1.8653996677583542
2051-12-29,Tenor : 25; Maturity : 0.0833333333333333,25,0.0833333333333333,-1.8701464,0.036470696,0.0355844028649868,-1.87903484969122
2051-12-30,Tenor : 25; Maturity : 0.0833333333333333,25,0.0833333333333333,-1.8538392,0.038096726,0.037232499970656,-1.8625063411792733
2052-01-01,Tenor : 25; Maturity : 0.0833333333333333,25,0.0833333333333333,-1.8625046,0.037232667,0.0365358995888708,-1.869492437629632
2051-12-29,Tenor : 25; Maturity : 0.25,25,0.25,-1.6169932,0.061713204,0.0612068938313343,-1.6220708889040991
2051-12-30,Tenor : 25; Maturity : 0.25,25,0.25,-1.5916476,0.06424047,0.0637705401198143,-1.5963604806065512
2052-01-01,Tenor : 25; Maturity : 0.25,25,0.25,-1.6054881,0.0628604,0.0626292268185051,-1.607806533482075
2051-12-29,Tenor : 25; Maturity : 0.5,25,0.5,-1.3447733,0.088856906,0.0884819138934295,-1.3485339718686176
2051-12-30,Tenor : 25; Maturity : 0.5,25,0.5,-1.3121676,0.092108086,0.0917418773367706,-1.3158403075593057
2052-01-01,Tenor : 25; Maturity : 0.5,25,0.5,-1.3303347,0.09029661,0.0902448619905976,-1.330853640697639
2051-12-29,Tenor : 25; Maturity : 0.75,25,0.75,-1.1735644,0.10592854,0.105584462143657,-1.1770151861384037
2051-12-30,Tenor : 25; Maturity : 0.75,25,0.75,-1.1362758,0.109646685,0.109316700380101,-1.139585151677765
2052-01-01,Tenor : 25; Maturity : 0.75,25,0.75,-1.1568121,0.10759896,0.107625305025548,-1.1565478915664713
2051-12-29,Tenor : 25; Maturity : 1,25,1.0,-0.99729186,0.1235051,0.123184107583293,-1.000511090320489
2051-12-30,Tenor : 25; Maturity : 1,25,1.0,-0.9560987,0.12761258,0.127310574269086,-0.9591274003026004
2052-01-01,Tenor : 25; Maturity : 1,25,1.0,-0.97875535,0.12535343,0.125444358236331,-0.9778433894736376
2051-12-29,Tenor : 25; Maturity : 1.5,25,1.5,-0.7865226,0.14452142,0.144217744909835,-0.7895680261083942
2051-12-30,Tenor : 25; Maturity : 1.5,25,1.5,-0.7407161,0.14908889,0.148813314705179,-0.7434797742582427
2052-01-01,Tenor : 25; Maturity : 1.5,25,1.5,-0.7656129,0.14660637,0.146767465577795,-0.7639972756844676
2051-12-29,Tenor : 25; Maturity : 2,25,2.0,-0.58327883,0.16478734,0.164502006371828,-0.58614033542207
2051-12-30,Tenor : 25; Maturity : 2,25,2.0,-0.53136843,0.16996345,0.16972315355317,-0.5337782656556188
2052-01-01,Tenor : 25; Maturity : 2,25,2.0,-0.558366,0.16727145,0.167526336944128,-0.5558097963808625
2051-12-29,Tenor : 25; Maturity : 3,25,3.0,-0.28695273,0.19433472,0.194040130854645,-0.2899070975492702
2051-12-30,Tenor : 25; Maturity : 3,25,3.0,-0.23210156,0.19980407,0.199562097089607,-0.23452816046886596
2052-01-01,Tenor : 25; Maturity : 3,25,3.0,-0.26069617,0.19695282,0.197236750685137,-0.257848696441715
2051-12-29,Tenor : 25; Maturity : 4,25,4.0,-0.03880453,0.21907817,0.218777128913159,-0.041823606859480965
2051-12-30,Tenor : 25; Maturity : 4,25,4.0,0.021216393,0.225063,0.224835579155143,0.018935644551968268
2052-01-01,Tenor : 25; Maturity : 4,25,4.0,-0.008464932,0.2221034,0.222451549665514,-0.004973414918204327
2051-12-29,Tenor : 25; Maturity : 5,25,5.0,0.1053139,0.23344857,0.23308929164781,0.10171083827140204
2051-12-30,Tenor : 25; Maturity : 5,25,5.0,0.16712868,0.23961227,0.239361045590078,0.16460927918427487
2052-01-01,Tenor : 25; Maturity : 5,25,5.0,0.1393081,0.2368382,0.237186322190539,0.14279931780714203
2051-12-29,Tenor : 25; Maturity : 7,25,7.0,0.31892717,0.25474846,0.254342477464274,0.31485572000503637
2051-12-30,Tenor : 25; Maturity : 7,25,7.0,0.38380373,0.26121745,0.260938445802675,0.3810056564685938
2052-01-01,Tenor : 25; Maturity : 7,25,7.0,0.35653389,0.2584983,0.258843831036205,0.35999909206303915
2051-12-29,Tenor : 25; Maturity : 10,25,10.0,0.5789516,0.28067613,0.280214733447193,0.574324535140962
2051-12-30,Tenor : 25; Maturity : 10,25,10.0,0.6518924,0.2879492,0.287651326529013,0.6489049658873864
2052-01-01,Tenor : 25; Maturity : 10,25,10.0,0.62389016,0.28515705,0.28555487372094,0.6278799680496175
2051-12-29,Tenor : 25; Maturity : 15,25,15.0,0.82948947,0.30565783,0.305125747702805,0.8241532070977147
2051-12-30,Tenor : 25; Maturity : 15,25,15.0,0.92084956,0.31476757,0.314444458549329,0.9176091030017367
2052-01-01,Tenor : 25; Maturity : 15,25,15.0,0.8849027,0.3111832,0.311742316028581,0.8905097376178376
2051-12-29,Tenor : 25; Maturity : 20,25,20.0,1.2131274,0.3439113,0.343362422558875,1.2076228483300904
2051-12-30,Tenor : 25; Maturity : 20,25,20.0,1.3298042,0.3555454,0.355265466668476,1.3269966189694913
2052-01-01,Tenor : 25; Maturity : 20,25,20.0,1.2836614,0.3509444,0.351788706546621,1.2921287346255383
2051-12-29,Tenor : 25; Maturity : 25,25,25.0,1.549334,0.37743527,0.376839004439422,1.5433542604296366
2051-12-30,Tenor : 25; Maturity : 25,25,25.0,1.681942,0.39065793,0.390373740238883,1.6790920122276431
2052-01-01,Tenor : 25; Maturity : 25,25,25.0,1.6302648,0.38550508,0.386482523021414,1.6400676023918805
2051-12-29,Tenor : 25; Maturity : 30,25,30.0,1.5045354,0.37296832,0.372245024734933,1.4972819553523673
2051-12-30,Tenor : 25; Maturity : 30,25,30.0,1.6344552,0.3859229,0.38550381222658,1.6302522646623845
2052-01-01,Tenor : 25; Maturity : 30,25,30.0,1.5861402,0.3811053,0.381892010373482,1.5940300678834187
2051-12-29,Tenor : 30; Maturity : 0.0833333333333333,30,0.0833333333333333,-1.8641863,0.037064984,0.0361399194899598,-1.8734636602068078
2051-12-30,Tenor : 30; Maturity : 0.0833333333333333,30,0.0833333333333333,-1.8472351,0.038755223,0.0378562841616402,-1.8562505069357484
2052-01-01,Tenor : 30; Maturity : 0.0833333333333333,30,0.0833333333333333,-1.8561032,0.037870973,0.0371487689945523,-1.8633460660634946
2051-12-29,Tenor : 30; Maturity : 0.25,30,0.25,-1.6032059,0.06308797,0.0625548165482667,-1.6085527824626604
2051-12-30,Tenor : 30; Maturity : 0.25,30,0.25,-1.5768849,0.0657125,0.0652217912447813,-1.5818061096963196
2052-01-01,Tenor : 30; Maturity : 0.25,30,0.25,-1.5908734,0.06431767,0.0640768221820029,-1.5932888256327473
2051-12-29,Tenor : 30; Maturity : 0.5,30,0.5,-1.3386216,0.0894703,0.0890400759354408,-1.3429362519098273
2051-12-30,Tenor : 30; Maturity : 0.5,30,0.5,-1.3060701,0.09271608,0.0922993188645418,-1.3102498135253162
2052-01-01,Tenor : 30; Maturity : 0.5,30,0.5,-1.3241401,0.09091428,0.09081677342569,-1.3251180302226933
2051-12-29,Tenor : 30; Maturity : 0.75,30,0.75,-1.1433854,0.10893777,0.108541640457664,-1.147358106609366
2051-12-30,Tenor : 30; Maturity : 0.75,30,0.75,-1.1057684,0.112688646,0.112310823791658,-1.1095575555346096
2052-01-01,Tenor : 30; Maturity : 0.75,30,0.75,-1.1266451,0.11060698,0.110594823239633,-1.126767057106505
2051-12-29,Tenor : 30; Maturity : 1,30,1.0,-0.9991057,0.123324245,0.122947463353663,-1.0028843583459517
2051-12-30,Tenor : 30; Maturity : 1,30,1.0,-0.95741874,0.12748095,0.127131838777688,-0.9609199106351511
2052-01-01,Tenor : 30; Maturity : 1,30,1.0,-0.9798793,0.12524135,0.125295275745082,-0.9793385144981975
2051-12-29,Tenor : 30; Maturity : 1.5,30,1.5,-0.75303453,0.14786059,0.147522747495301,-0.7564226712758588
2051-12-30,Tenor : 30; Maturity : 1.5,30,1.5,-0.70404977,0.15274498,0.152444969481454,-0.7070584756128941
2052-01-01,Tenor : 30; Maturity : 1.5,30,1.5,-0.7300987,0.15014757,0.150318589127861,-0.7283836121313075
2051-12-29,Tenor : 30; Maturity : 2,30,2.0,-0.51794153,0.17130227,0.170987427972219,-0.5210990549314408
2051-12-30,Tenor : 30; Maturity : 2,30,2.0,-0.46288824,0.17679177,0.176528624872891,-0.4655272565076214
2052-01-01,Tenor : 30; Maturity : 2,30,2.0,-0.4916048,0.17392838,0.174194596912937,-0.4889348584447393
2051-12-29,Tenor : 30; Maturity : 3,30,3.0,-0.25805926,0.19721575,0.196886601127658,-0.261360291675599
2051-12-30,Tenor : 30; Maturity : 3,30,3.0,-0.19787788,0.20321658,0.202962962053565,-0.20042141681195244
2052-01-01,Tenor : 30; Maturity : 3,30,3.0,-0.22777724,0.20023525,0.200563914019502,-0.22448109491901302
2051-12-29,Tenor : 30; Maturity : 4,30,4.0,-0.016647577,0.22128749,0.220925271746969,-0.020280217825320603
2051-12-30,Tenor : 30; Maturity : 4,30,4.0,0.045550346,0.2274894,0.227221623825782,0.04286491395780721
2052-01-01,Tenor : 30; Maturity : 4,30,4.0,0.015725851,0.22451553,0.224854001153489,0.019120395896668564
2051-12-29,Tenor : 30; Maturity : 5,30,5.0,0.123465896,0.23525855,0.234873676630416,0.11960615661893183
2051-12-30,Tenor : 30; Maturity : 5,30,5.0,0.18748021,0.24164157,0.241364170187477,0.18469830297098616
2052-01-01,Tenor : 30; Maturity : 5,30,5.0,0.15818322,0.2387203,0.23906359229856,0.16162616657285772
2051-12-29,Tenor : 30; Maturity : 7,30,7.0,0.44518077,0.2673375,0.266921598882827,0.44100976440215933
2051-12-30,Tenor : 30; Maturity : 7,30,7.0,0.5180805,0.2746065,0.274345730319783,0.5154652192582074
2052-01-01,Tenor : 30; Maturity : 7,30,7.0,0.48819983,0.27162704,0.27206862834054,0.4926285190922876
2051-12-29,Tenor : 30; Maturity : 10,30,10.0,0.68574643,0.29132488,0.290839204078601,0.680875692024918
2051-12-30,Tenor : 30; Maturity : 10,30,10.0,0.76276016,0.2990041,0.298695197577689,0.7596622240640897
2052-01-01,Tenor : 30; Maturity : 10,30,10.0,0.7334044,0.29607695,0.296503753314178,0.7376845717532509
2051-12-29,Tenor : 30; Maturity : 15,30,15.0,0.9806876,0.32073417,0.320162390622312,0.9749533508703455
2051-12-30,Tenor : 30; Maturity : 15,30,15.0,1.0732641,0.3299652,0.329613748453972,1.0697395426746288
2052-01-01,Tenor : 30; Maturity : 15,30,15.0,1.0372102,0.32637018,0.326913161557118,1.0426557783998425
2051-12-29,Tenor : 30; Maturity : 20,30,20.0,1.2987065,0.3524446,0.351881961504125,1.2930639740319934
2051-12-30,Tenor : 30; Maturity : 20,30,20.0,1.4189737,0.36443675,0.364146369578862,1.416061807448469
2052-01-01,Tenor : 30; Maturity : 20,30,20.0,1.370554,0.35960868,0.360475745115033,1.3792496878920053
2051-12-29,Tenor : 30; Maturity : 25,30,25.0,1.4662008,0.36914587,0.368363867362568,1.4583584341322442
2051-12-30,Tenor : 30; Maturity : 25,30,25.0,1.5745234,0.37994695,0.379429544282476,1.5693343799864081
2052-01-01,Tenor : 30; Maturity : 25,30,25.0,1.5326998,0.37577665,0.37629863985805,1.5379350284244118
2051-12-29,Tenor : 30; Maturity : 30,30,30.0,1.3573575,0.35829282,0.35732823899773,1.3476838405446045
2051-12-30,Tenor : 30; Maturity : 30,30,30.0,1.4592929,0.36845705,0.367756060944639,1.452262838479659
2052-01-01,Tenor : 30; Maturity : 30,30,30.0,1.4227717,0.3648154,0.365076500676149,1.425389946977294
